{"camera_matrix": [[630.7792314650903, 0.0, 312.5074138527739], [0.0, 633.3311804486297, 251.55125695994772], [0.0, 0.0, 1.0]], "dist_coeffs": [[0.06151770921998297, -0.2694850968330331, 0.0069616822538294135, 0.0002478408542118271, 0.27524153963431214]]}